CREATE DATABASE  IF NOT EXISTS `northwind` /*!40100 DEFAULT CHARACTER SET utf8mb4 COLLATE utf8mb4_0900_ai_ci */ /*!80016 DEFAULT ENCRYPTION='N' */;
USE `northwind`;
-- MySQL dump 10.13  Distrib 8.0.33, for Win64 (x86_64)
--
-- Host: localhost    Database: northwind
-- ------------------------------------------------------
-- Server version	8.0.32

/*!40101 SET @OLD_CHARACTER_SET_CLIENT=@@CHARACTER_SET_CLIENT */;
/*!40101 SET @OLD_CHARACTER_SET_RESULTS=@@CHARACTER_SET_RESULTS */;
/*!40101 SET @OLD_COLLATION_CONNECTION=@@COLLATION_CONNECTION */;
/*!50503 SET NAMES utf8 */;
/*!40103 SET @OLD_TIME_ZONE=@@TIME_ZONE */;
/*!40103 SET TIME_ZONE='+00:00' */;
/*!40014 SET @OLD_UNIQUE_CHECKS=@@UNIQUE_CHECKS, UNIQUE_CHECKS=0 */;
/*!40014 SET @OLD_FOREIGN_KEY_CHECKS=@@FOREIGN_KEY_CHECKS, FOREIGN_KEY_CHECKS=0 */;
/*!40101 SET @OLD_SQL_MODE=@@SQL_MODE, SQL_MODE='NO_AUTO_VALUE_ON_ZERO' */;
/*!40111 SET @OLD_SQL_NOTES=@@SQL_NOTES, SQL_NOTES=0 */;

--
-- Table structure for table `category`
--

DROP TABLE IF EXISTS `category`;
/*!40101 SET @saved_cs_client     = @@character_set_client */;
/*!50503 SET character_set_client = utf8mb4 */;
CREATE TABLE `category` (
  `id` int NOT NULL AUTO_INCREMENT,
  `category_name` varchar(64) DEFAULT NULL,
  `address` varchar(255) DEFAULT NULL,
  `name` varchar(255) DEFAULT NULL,
  `phone` varchar(255) DEFAULT NULL,
  PRIMARY KEY (`id`)
) ENGINE=InnoDB AUTO_INCREMENT=13 DEFAULT CHARSET=utf8mb4 COLLATE=utf8mb4_0900_ai_ci;
/*!40101 SET character_set_client = @saved_cs_client */;

--
-- Dumping data for table `category`
--

LOCK TABLES `category` WRITE;
/*!40000 ALTER TABLE `category` DISABLE KEYS */;
INSERT INTO `category` VALUES (1,'Carly',NULL,NULL,NULL),(2,'Ori',NULL,NULL,NULL),(3,'Kieran',NULL,NULL,NULL),(4,'Prescott',NULL,NULL,NULL),(5,'Walker',NULL,NULL,NULL),(6,'Hamilton',NULL,NULL,NULL),(7,'Clare',NULL,NULL,NULL),(8,'Maxine',NULL,NULL,NULL),(9,'Fredericka',NULL,NULL,NULL),(10,'Hayes',NULL,NULL,NULL);
/*!40000 ALTER TABLE `category` ENABLE KEYS */;
UNLOCK TABLES;

--
-- Table structure for table `order`
--

DROP TABLE IF EXISTS `order`;
/*!40101 SET @saved_cs_client     = @@character_set_client */;
/*!50503 SET character_set_client = utf8mb4 */;
CREATE TABLE `order` (
  `id` varchar(36) NOT NULL,
  `uid` varchar(36) DEFAULT NULL,
  `order_date` datetime DEFAULT NULL,
  PRIMARY KEY (`id`)
) ENGINE=InnoDB DEFAULT CHARSET=utf8mb4 COLLATE=utf8mb4_0900_ai_ci;
/*!40101 SET character_set_client = @saved_cs_client */;

--
-- Dumping data for table `order`
--

LOCK TABLES `order` WRITE;
/*!40000 ALTER TABLE `order` DISABLE KEYS */;
INSERT INTO `order` VALUES ('015a510b-28c3-4649-ab90-37c4e9d86070','8ab1512f-641f-4b76-9781-abe56ac2bde8','2022-01-18 08:15:01'),('01ff6e72-a26a-4349-a555-4a0f7121b88b','b78bed65-b1c4-470d-8116-4bcf3908e882','2023-07-29 14:20:26'),('026f1dae-a768-41e8-9ff8-5b895499c477','b78bed65-b1c4-470d-8116-4bcf3908e882','2023-07-29 13:12:27'),('0273e142-104d-491b-96b3-cea5ccc03b53','1c75a18b-9ffa-4584-a804-5e8bad15aa4d','2022-02-22 00:21:54'),('035a7aa0-c5be-4a92-968c-1acf22fd7806','b78bed65-b1c4-470d-8116-4bcf3908e882','2021-12-06 23:28:30'),('07793ab8-c772-4f7a-a812-5723ba423f14','fb743bf8-00d6-48a6-87a9-6d118d36fb07','2021-07-20 06:03:59'),('1501614b-923e-44d0-bb06-adc720b0594c','fb743bf8-00d6-48a6-87a9-6d118d36fb07','2021-08-11 12:10:19'),('192fd28a-08d3-4685-89e1-96c91d939700','8d50c350-f4d3-4f24-841e-c5e063f4ebaf','2021-02-04 08:22:27'),('1a22219f-84b8-4bec-a3c3-7c673f952792','ecf7253c-af7e-4cd7-a7e1-7c9b0fb88428','2022-03-12 09:22:25'),('1ab1737c-d502-4b5e-82b6-77b9a1ab208f','a2b438d9-e18a-4024-b5ef-ffe966e4a838','2022-01-17 16:06:05'),('1b07d50a-89d7-4498-bd0c-1daf1ec7afe4','b78bed65-b1c4-470d-8116-4bcf3908e882','2023-07-29 13:11:11'),('1b1aad5c-a0c7-4532-9a96-f333977ffd53','1bd5a8ed-e1e4-4e72-8b98-7338d54fce53','2021-01-02 08:24:09'),('1f447519-ee93-4115-a0b1-2fcde033af5d','854117be-e469-4d31-95e2-c893c65d28d0','2022-07-10 23:33:18'),('22ab8d40-f414-4832-ab9a-90793422acfd','090751c2-e10e-4a42-9c49-c18a7c3cd5e5','2022-05-05 19:50:50'),('23595040-8b59-48b5-997a-36f2257a67f6','4445fc7b-9d8b-4ce4-9279-e9825266b4c6','2021-03-31 20:36:47'),('26308f0f-2c99-467b-b376-6f0fa50378d6','4445fc7b-9d8b-4ce4-9279-e9825266b4c6','2022-04-22 09:46:26'),('26b4ba4b-0bc6-4d63-9c9d-d3f58af56418','090751c2-e10e-4a42-9c49-c18a7c3cd5e5','2022-04-17 00:22:25'),('270dd20a-8e35-4136-80e1-394031abfca5','bace157a-0fe4-4648-a21e-d6c7f56955c2','2021-05-21 17:40:51'),('2d5ba3b6-3623-4016-9b8d-7b92174547af','89fa669f-eefe-4a59-8ce6-d574f1c22b52','2021-07-24 20:21:27'),('315c1a87-668a-43a2-ba96-8a584a39f51f','b78bed65-b1c4-470d-8116-4bcf3908e882','2020-11-25 14:39:00'),('32bba3e9-c7f5-4791-92e3-7752a26f1ed2','ecefbb2e-cf88-4e20-b728-8903c53dac14','2022-07-07 22:49:35'),('336f7f67-155c-49da-a8fa-b6cc804b366b','0e69db2a-5ad3-406f-8dbc-c56499e29ab3','2022-07-17 04:13:59'),('34a0d150-9f51-4459-ae6c-7775a4dca93d','fb743bf8-00d6-48a6-87a9-6d118d36fb07','2021-02-02 22:21:25'),('35be9c3d-0edf-498e-a05c-2210da32792e','9748b78a-d612-4be5-aa89-29c9a0478da0','2021-05-01 11:36:11'),('3c47b9a8-f75e-4cfd-898a-c7b761c9e857','0ad69c44-e54e-4cad-b019-ad243d9b434e','2021-03-23 15:53:10'),('3d076282-6f8f-42cb-a1d3-e806bfb5975f','fb743bf8-00d6-48a6-87a9-6d118d36fb07','2022-03-14 01:05:23'),('3f880939-c8be-4dcc-83f7-956eafc3d704','b78bed65-b1c4-470d-8116-4bcf3908e882','2021-09-06 23:15:52'),('41efd1ee-9424-437a-8389-d3c1be43bd7d','bace157a-0fe4-4648-a21e-d6c7f56955c2','2021-09-13 21:49:12'),('43379f32-0119-4ef0-8490-0b4d25152037','f5923daa-f64d-490b-aaed-c249e153cb3e','2021-01-29 00:09:28'),('475f47c0-6343-43a4-bd5e-1149a174c7ad','aae4a753-945e-410d-a5f1-4222dddfab22','2021-03-20 13:53:09'),('49428e34-cfcd-4a47-813a-0a808a6b221a','4985142b-4211-45d5-a76f-08e06191c2f9','2021-12-18 16:05:34'),('4f4bf035-045f-4f0b-9bfd-cc3fd4c4b4c9','4445fc7b-9d8b-4ce4-9279-e9825266b4c6','2022-03-14 17:32:37'),('51e49699-c199-45c6-8cf3-18f794e74c8b','b78bed65-b1c4-470d-8116-4bcf3908e882','2023-07-29 13:04:19'),('565b479b-5ad4-4dc3-82a0-44b149cf7a68','2267bd8a-d655-4bd0-9dd9-aa17697b33e9','2020-09-02 01:29:39'),('5bb179f7-457e-4e5e-a77f-5cb019f25f3f','d5761b77-e137-4fe5-907e-20d275d298c4','2021-07-12 10:26:21'),('5c0666b6-0fda-44b2-b19e-7853ddab46d0','0b09237b-ddce-4406-be78-c929938da1de','2022-02-09 13:21:25'),('5d2d178a-4f83-490e-a1b9-87f103ca843f','b78bed65-b1c4-470d-8116-4bcf3908e882','2021-05-05 07:07:55'),('5e1c2d70-068f-4016-83e0-6a2106e1ac5a','1802d7ec-37ea-492f-9a88-a7d1e7d8b2f9','2022-05-08 14:10:14'),('61850595-b58a-4c46-b867-0c9546f8b834','e8570afd-b8ab-454b-8d7b-2f9601267672','2020-11-20 22:29:34'),('625288f1-ab06-454e-b718-c923ec334a12','125e018e-1765-4a88-b011-778d9594eff4','2021-05-25 02:41:52'),('669a183c-6a12-4ce0-94f3-345cf07053ce','f5923daa-f64d-490b-aaed-c249e153cb3e','2022-04-04 10:24:58'),('6aad49f9-8531-430c-a223-a97de5052111','1c75a18b-9ffa-4584-a804-5e8bad15aa4d','2021-02-16 05:34:26'),('6da00220-8e3b-4a25-9501-4e81612d8de7','89fa669f-eefe-4a59-8ce6-d574f1c22b52','2021-08-04 22:48:08'),('6f6d5731-7747-4dc0-b011-3b0d1c2c65fe','b78bed65-b1c4-470d-8116-4bcf3908e882','2023-07-27 14:44:35'),('7198d1e8-e53b-4630-8cfd-da43acc14e6f','30d8959c-fece-491d-b1a6-1d05df03594d','2021-09-26 09:34:58'),('72cebb6a-571b-496f-80dd-df65dd87e357','bda47d64-9534-4db5-99bb-3dec3a8486de','2022-05-24 21:43:41'),('74348736-224e-4131-b1a7-0ae87d49fb35','a96ff330-9ee9-4332-9854-37a3a6da5424','2020-07-27 08:36:46'),('769ec463-cd6b-4774-913e-da0f120cdf97','0b526658-6ad8-48df-9d28-5ae2b5af6d9b','2021-11-09 22:02:41'),('774a96ba-926a-403a-8998-e9d19d55bb56','7e8f876c-d563-4faf-9aab-f10bd21a735b','2020-08-23 14:15:13'),('7b733c44-4f66-4628-8be7-8635501210e9','7e8f876c-d563-4faf-9aab-f10bd21a735b','2021-12-07 10:12:31'),('815540be-1d5d-4707-8787-9696588a4d9c','b78bed65-b1c4-470d-8116-4bcf3908e882','2023-07-29 14:20:06'),('82a0b7c3-0d17-4877-87f0-af562e304465','9c5e0924-4973-40b6-8c0e-196bb77d2b08','2020-11-20 20:22:59'),('82c26d34-dd2f-49e4-887f-40b10e495924','125e018e-1765-4a88-b011-778d9594eff4','2021-12-16 23:45:27'),('8899beb5-765e-4d7f-8aef-a67cb51e2d36','854117be-e469-4d31-95e2-c893c65d28d0','2020-11-23 22:10:16'),('8a736d81-de7b-4cff-932f-6ebf4a1c4887','1bd5a8ed-e1e4-4e72-8b98-7338d54fce53','2020-12-13 16:54:40'),('8b8c4eeb-684b-4cc9-8aea-93a79ba0489e','ecf7253c-af7e-4cd7-a7e1-7c9b0fb88428','2021-03-15 20:32:31'),('93fb6c6e-d781-450d-940b-63d12378a471','a2b438d9-e18a-4024-b5ef-ffe966e4a838','2020-12-20 23:59:21'),('966cfd28-b600-4630-8384-9638f3961727','a2b438d9-e18a-4024-b5ef-ffe966e4a838','2022-02-07 21:13:58'),('99b8211e-2026-4248-852b-5406ca019e52','aae4a753-945e-410d-a5f1-4222dddfab22','2022-05-12 10:01:58'),('9beb7c28-d9ca-41fc-a23b-7ce1f64fe02c','2267bd8a-d655-4bd0-9dd9-aa17697b33e9','2020-08-11 09:32:49'),('a0252864-2bc4-4e5e-ab3d-8b459105931f','7e8f876c-d563-4faf-9aab-f10bd21a735b','2020-10-28 13:35:07'),('a0358e10-681e-456c-b5a8-f8a35b0202cd','20162e36-1fc3-40a2-96a2-f705686abd4a','2022-06-19 16:31:12'),('a1b7aa6e-5868-4378-b546-764471ce24f0','7e8f876c-d563-4faf-9aab-f10bd21a735b','2021-01-26 00:16:34'),('a23f1da1-f407-411e-88ea-fe0ff7d597e4','b78bed65-b1c4-470d-8116-4bcf3908e882','2023-07-29 13:03:51'),('a44e421c-6789-4be7-aed2-d1184a3234fe','b78bed65-b1c4-470d-8116-4bcf3908e882','2022-02-21 15:36:32'),('a792ed2e-1935-4867-802d-6757f3e0533d','8a9c956b-f8bd-4178-838a-956aa47dc3c7','2020-09-04 10:56:51'),('a8312e13-3166-4873-a31d-3c06179c446e','dc40e940-a5de-4446-8e6e-1bd7b197bed5','2022-01-20 22:07:06'),('a980255b-ae69-47ea-8905-888fc0defce3','92226dd2-cc4f-4dab-a1d4-018bb1afe9fb','2020-10-19 20:12:19'),('b05b0b15-ef7c-409d-8a4e-c2ba9380c228','1c75a18b-9ffa-4584-a804-5e8bad15aa4d','2022-06-06 23:46:15'),('b1c00990-175c-4711-8c0f-fa8b1020f1fb','dc40e940-a5de-4446-8e6e-1bd7b197bed5','2020-08-18 13:12:10'),('b26d2e38-a8d1-4c67-98d3-14fdf027f310','a2b438d9-e18a-4024-b5ef-ffe966e4a838','2021-03-10 03:52:30'),('b339e7e3-9f71-4c34-b2e4-8be7327eaf38','1c75a18b-9ffa-4584-a804-5e8bad15aa4d','2020-08-01 18:56:31'),('b376ac04-4cc0-4519-be86-aa1484595c65','4985142b-4211-45d5-a76f-08e06191c2f9','2021-02-11 13:59:52'),('b5ec2db1-7c05-4695-bdbd-97672dcba5f3','7977e0af-d04d-4dc4-bce5-0a98e682b3a7','2021-07-07 02:40:32'),('b6097bbb-01b3-48f9-a9cf-c5ea0f0aae15','1802d7ec-37ea-492f-9a88-a7d1e7d8b2f9','2021-02-05 21:44:48'),('b84e218e-0b5e-48ba-8d53-3ce7221ed4ed','b78bed65-b1c4-470d-8116-4bcf3908e882','2023-07-29 13:13:00'),('b8b7ade9-bee5-458f-b70f-0cc8108412f3','fb743bf8-00d6-48a6-87a9-6d118d36fb07','2020-12-23 07:03:01'),('b97a3c54-e229-4f5a-8231-0e5424cc42c4','e8570afd-b8ab-454b-8d7b-2f9601267672','2020-10-14 18:22:11'),('bb2a7fd4-8f99-492d-bf26-24b4b61ab362','1802d7ec-37ea-492f-9a88-a7d1e7d8b2f9','2021-07-01 13:09:01'),('c0fafd42-6f66-40c1-bc4b-137f8aa894ee','92bfcfd7-1859-40b6-895f-afd400f8845f','2022-07-16 15:14:37'),('c1e82629-cb99-40be-a02e-0c22faa3968c','b78bed65-b1c4-470d-8116-4bcf3908e882','2023-07-29 13:01:41'),('c5418229-0589-4ca5-86d2-0db95193763d','4985142b-4211-45d5-a76f-08e06191c2f9','2021-03-07 23:53:42'),('c642d7c1-52bc-4940-b215-c712f88b5756','0b09237b-ddce-4406-be78-c929938da1de','2020-11-06 02:16:36'),('c644dd8e-226f-44ec-a575-94d903e00ac3','b78bed65-b1c4-470d-8116-4bcf3908e882','2023-07-27 15:22:32'),('c68ab4ce-927a-4f87-a990-b7684113d2c5','30d8959c-fece-491d-b1a6-1d05df03594d','2021-10-07 08:52:37'),('c782042f-d69a-4588-89b7-4c481d84b828','2267bd8a-d655-4bd0-9dd9-aa17697b33e9','2022-06-26 22:06:26'),('ce30aa6b-3982-430e-aa11-5b8108e5af85','272c0997-82dd-4c06-bbbc-d287aa83a685','2021-03-29 16:48:27'),('d4a450a7-5d47-4aa5-bb9e-62123b16d960','0b09237b-ddce-4406-be78-c929938da1de','2021-12-22 05:12:29'),('d529d879-d164-4731-9d32-370ee5833f62','ecf7253c-af7e-4cd7-a7e1-7c9b0fb88428','2021-06-30 05:14:18'),('d52ae9b7-907b-42ff-a61a-e7f894034540','8d50c350-f4d3-4f24-841e-c5e063f4ebaf','2021-07-31 14:35:05'),('d69def76-e276-4345-beb4-0ce47ce8b602','97237d7c-184b-4be2-b476-350162b5aed8','2020-07-28 17:09:40'),('d9c55bcc-8bce-4ced-9714-745ad6689014','bace157a-0fe4-4648-a21e-d6c7f56955c2','2021-12-07 22:31:15'),('da30be35-9cc6-4008-8bd9-9170599ae28c','60ce70eb-07b4-440d-8041-6d20aae0a63a','2022-02-06 16:42:08'),('dcd266e3-6259-4d24-a562-9efeaafd4112','b78bed65-b1c4-470d-8116-4bcf3908e882','2022-06-10 20:54:17'),('dfa24517-12f5-497f-8e9f-3fc97de80616','b78bed65-b1c4-470d-8116-4bcf3908e882','2023-07-29 13:12:39'),('e12bd20b-6b91-46a9-8218-dd8b7ba5bc09','1802d7ec-37ea-492f-9a88-a7d1e7d8b2f9','2020-11-12 01:08:53'),('e210027f-6a32-48ce-b9da-ddf134e4c05d','8a9c956b-f8bd-4178-838a-956aa47dc3c7','2021-08-07 11:27:31'),('e4e7893e-5ba3-45ae-84e3-bb8ca154ad21','20162e36-1fc3-40a2-96a2-f705686abd4a','2022-02-14 17:58:14'),('e9d5ff07-9517-4354-b736-80aee0054569','272c0997-82dd-4c06-bbbc-d287aa83a685','2020-11-10 12:48:27'),('ea0a5d06-22f9-4747-ad46-7d984405d689','0b09237b-ddce-4406-be78-c929938da1de','2020-11-20 19:53:26'),('ea7788d8-5298-4e57-9dc2-eee0bafa873c','0ad69c44-e54e-4cad-b019-ad243d9b434e','2021-11-02 22:11:34'),('ed45beaf-6151-4c1b-a7bf-165865eab652','cef281b1-29e2-444e-a64b-9284033df271','2021-08-31 15:50:40'),('ee53d3e4-e20b-4739-ab0a-a5677d58a7d0','b78bed65-b1c4-470d-8116-4bcf3908e882','2020-07-30 09:01:36'),('efca8715-0dda-493e-93ac-9ac14e6ad2be','acf5e127-c3ec-4a35-afac-8179f27fafe8','2020-08-26 21:32:18'),('f02b60ab-b6bd-4f00-bbc3-8d35c0410b7c','ecf7253c-af7e-4cd7-a7e1-7c9b0fb88428','2020-12-07 03:10:37'),('f979b04b-cfcb-4ef6-b3b2-6b2128c89bb8','92bfcfd7-1859-40b6-895f-afd400f8845f','2022-02-07 16:40:55'),('fa3652fa-a7c4-4b3f-9817-43aedc5e1452','c5809a07-15d1-49f9-8e69-ed1dd4891fba','2022-07-05 13:11:06'),('fb36eae2-27c4-49a4-b7a2-2f6d8482dd89','2f2d0aa9-c536-4baa-990a-2238f6773c7a','2023-08-02 15:43:33');
/*!40000 ALTER TABLE `order` ENABLE KEYS */;
UNLOCK TABLES;

--
-- Table structure for table `order_detail`
--

DROP TABLE IF EXISTS `order_detail`;
/*!40101 SET @saved_cs_client     = @@character_set_client */;
/*!50503 SET character_set_client = utf8mb4 */;
CREATE TABLE `order_detail` (
  `product_id` int NOT NULL,
  `unit_pirce` double DEFAULT NULL,
  `quantity` int DEFAULT NULL,
  `discount` float DEFAULT NULL,
  `order_id` varchar(36) NOT NULL,
  PRIMARY KEY (`product_id`,`order_id`),
  KEY `fk_order_detail_Order_idx` (`order_id`),
  CONSTRAINT `fk_order_detail_Order` FOREIGN KEY (`order_id`) REFERENCES `order` (`id`)
) ENGINE=InnoDB DEFAULT CHARSET=utf8mb4 COLLATE=utf8mb4_0900_ai_ci;
/*!40101 SET character_set_client = @saved_cs_client */;

--
-- Dumping data for table `order_detail`
--

LOCK TABLES `order_detail` WRITE;
/*!40000 ALTER TABLE `order_detail` DISABLE KEYS */;
INSERT INTO `order_detail` VALUES (1,43.6,4,0,'035a7aa0-c5be-4a92-968c-1acf22fd7806'),(1,13.65,2,0,'23595040-8b59-48b5-997a-36f2257a67f6'),(1,95.3,3,0,'b6097bbb-01b3-48f9-a9cf-c5ea0f0aae15'),(2,95.62,1,0,'1b1aad5c-a0c7-4532-9a96-f333977ffd53'),(2,96.19,2,0,'270dd20a-8e35-4136-80e1-394031abfca5'),(2,58.9,6,0,'475f47c0-6343-43a4-bd5e-1149a174c7ad'),(2,26.49,3,0,'b6097bbb-01b3-48f9-a9cf-c5ea0f0aae15'),(2,8.73,6,0,'ce30aa6b-3982-430e-aa11-5b8108e5af85'),(2,31.67,6,0,'d52ae9b7-907b-42ff-a61a-e7f894034540'),(2,3.25,3,0,'e12bd20b-6b91-46a9-8218-dd8b7ba5bc09'),(3,73.37,3,0,'23595040-8b59-48b5-997a-36f2257a67f6'),(3,8.68,8,0,'6da00220-8e3b-4a25-9501-4e81612d8de7'),(3,74.55,3,0,'b05b0b15-ef7c-409d-8a4e-c2ba9380c228'),(3,1.51,6,0,'efca8715-0dda-493e-93ac-9ac14e6ad2be'),(3,53.38080051422119,3,0.01,'fb36eae2-27c4-49a4-b7a2-2f6d8482dd89'),(4,24.019199463129045,3,0.04,'51e49699-c199-45c6-8cf3-18f794e74c8b'),(4,25.02,5,0.05,'6f6d5731-7747-4dc0-b011-3b0d1c2c65fe'),(4,24.019199463129045,3,0.04,'a23f1da1-f407-411e-88ea-fe0ff7d597e4'),(4,24.019199463129045,3,0.04,'c1e82629-cb99-40be-a02e-0c22faa3968c'),(4,25.02,5,0.05,'c644dd8e-226f-44ec-a575-94d903e00ac3'),(5,71.04,5,0,'2d5ba3b6-3623-4016-9b8d-7b92174547af'),(5,70.18,6,0,'32bba3e9-c7f5-4791-92e3-7752a26f1ed2'),(5,51.47,5,0,'72cebb6a-571b-496f-80dd-df65dd87e357'),(5,8.81,7,0,'74348736-224e-4131-b1a7-0ae87d49fb35'),(5,33.86,9,0,'a0252864-2bc4-4e5e-ab3d-8b459105931f'),(5,18.85,14,0.05,'c644dd8e-226f-44ec-a575-94d903e00ac3'),(6,36.81,4,0,'1f447519-ee93-4115-a0b1-2fcde033af5d'),(6,64.7,5,0,'3f880939-c8be-4dcc-83f7-956eafc3d704'),(6,55.03,14,0.05,'6f6d5731-7747-4dc0-b011-3b0d1c2c65fe'),(6,5.07,8,0,'b5ec2db1-7c05-4695-bdbd-97672dcba5f3'),(6,99.58,6,0,'c782042f-d69a-4588-89b7-4c481d84b828'),(7,47.46,5,0,'3d076282-6f8f-42cb-a1d3-e806bfb5975f'),(7,84.98,3,0,'61850595-b58a-4c46-b867-0c9546f8b834'),(7,22.52,3,0,'7b733c44-4f66-4628-8be7-8635501210e9'),(7,95.37,2,0,'8a736d81-de7b-4cff-932f-6ebf4a1c4887'),(8,20.76,2,0,'669a183c-6a12-4ce0-94f3-345cf07053ce'),(8,66.87,9,0,'bb2a7fd4-8f99-492d-bf26-24b4b61ab362'),(8,46.09,6,0,'ee53d3e4-e20b-4739-ab0a-a5677d58a7d0'),(9,84.02,3,0,'5e1c2d70-068f-4016-83e0-6a2106e1ac5a'),(9,38.86,8,0,'ee53d3e4-e20b-4739-ab0a-a5677d58a7d0'),(10,90.28,7,0,'7198d1e8-e53b-4630-8cfd-da43acc14e6f'),(10,94.25,4,0,'b97a3c54-e229-4f5a-8231-0e5424cc42c4'),(11,45.38,4,0,'1f447519-ee93-4115-a0b1-2fcde033af5d'),(11,21.1,4,0,'efca8715-0dda-493e-93ac-9ac14e6ad2be'),(12,42.8,2,0,'0273e142-104d-491b-96b3-cea5ccc03b53'),(12,9.02,2,0,'a44e421c-6789-4be7-aed2-d1184a3234fe'),(13,7.73,4,0,'6da00220-8e3b-4a25-9501-4e81612d8de7'),(13,74.39,1,0,'74348736-224e-4131-b1a7-0ae87d49fb35'),(13,99.45,9,0,'b376ac04-4cc0-4519-be86-aa1484595c65'),(14,90.24049886763095,2,0.05,'01ff6e72-a26a-4349-a555-4a0f7121b88b'),(14,7.11,3,0,'270dd20a-8e35-4136-80e1-394031abfca5'),(14,82.77,4,0,'43379f32-0119-4ef0-8490-0b4d25152037'),(14,63.48,5,0,'475f47c0-6343-43a4-bd5e-1149a174c7ad'),(14,56.62,3,0,'5c0666b6-0fda-44b2-b19e-7853ddab46d0'),(14,90.24049886763095,2,0.05,'815540be-1d5d-4707-8787-9696588a4d9c'),(14,90.15,5,0,'c782042f-d69a-4588-89b7-4c481d84b828'),(14,80.08,0,0,'f979b04b-cfcb-4ef6-b3b2-6b2128c89bb8'),(15,39.17,5,0,'1f447519-ee93-4115-a0b1-2fcde033af5d'),(15,57.61,7,0,'26b4ba4b-0bc6-4d63-9c9d-d3f58af56418'),(15,92.46,6,0,'a0252864-2bc4-4e5e-ab3d-8b459105931f'),(15,75.47,3,0,'b1c00990-175c-4711-8c0f-fa8b1020f1fb'),(15,79.83,10,0,'c5418229-0589-4ca5-86d2-0db95193763d'),(15,31.12,7,0,'ea0a5d06-22f9-4747-ad46-7d984405d689'),(15,12.44,9,0,'f02b60ab-b6bd-4f00-bbc3-8d35c0410b7c'),(16,11.76,2,0,'1b1aad5c-a0c7-4532-9a96-f333977ffd53'),(16,20.49,10,0,'7198d1e8-e53b-4630-8cfd-da43acc14e6f'),(16,70.85,3,0,'d9c55bcc-8bce-4ced-9714-745ad6689014'),(16,49.69800047874451,2,0.01,'fb36eae2-27c4-49a4-b7a2-2f6d8482dd89'),(17,12.19,7,0,'43379f32-0119-4ef0-8490-0b4d25152037'),(17,78.84,9,0,'5c0666b6-0fda-44b2-b19e-7853ddab46d0'),(17,89.41,2,0,'5e1c2d70-068f-4016-83e0-6a2106e1ac5a'),(17,29.63,3,0,'7b733c44-4f66-4628-8be7-8635501210e9'),(17,52.19,10,0,'b6097bbb-01b3-48f9-a9cf-c5ea0f0aae15'),(17,28.28,1,0,'e12bd20b-6b91-46a9-8218-dd8b7ba5bc09'),(18,27.95,5,0,'0273e142-104d-491b-96b3-cea5ccc03b53'),(18,88.41,9,0,'315c1a87-668a-43a2-ba96-8a584a39f51f'),(18,95.86,6,0,'5bb179f7-457e-4e5e-a77f-5cb019f25f3f'),(18,73.9,4,0,'6aad49f9-8531-430c-a223-a97de5052111'),(18,70.12,3,0,'f02b60ab-b6bd-4f00-bbc3-8d35c0410b7c'),(19,2.52,6,0,'2d5ba3b6-3623-4016-9b8d-7b92174547af'),(19,45.92,7,0,'35be9c3d-0edf-498e-a05c-2210da32792e'),(19,43.06,2,0,'8b8c4eeb-684b-4cc9-8aea-93a79ba0489e'),(19,81.31,2,0,'99b8211e-2026-4248-852b-5406ca019e52'),(20,1.15,8,0,'1b1aad5c-a0c7-4532-9a96-f333977ffd53'),(20,22.58,10,0,'3c47b9a8-f75e-4cfd-898a-c7b761c9e857'),(20,59.92,10,0,'9beb7c28-d9ca-41fc-a23b-7ce1f64fe02c'),(21,17.84,4,0,'015a510b-28c3-4649-ab90-37c4e9d86070'),(21,26.86,8,0,'82c26d34-dd2f-49e4-887f-40b10e495924'),(21,28.32,5,0,'da30be35-9cc6-4008-8bd9-9170599ae28c'),(22,87.14,4,0,'315c1a87-668a-43a2-ba96-8a584a39f51f'),(22,13.16,6,0,'43379f32-0119-4ef0-8490-0b4d25152037'),(22,55.17,10,0,'625288f1-ab06-454e-b718-c923ec334a12'),(22,88.37,3,0,'9beb7c28-d9ca-41fc-a23b-7ce1f64fe02c'),(22,11.59,6,0,'c642d7c1-52bc-4940-b215-c712f88b5756'),(23,81.36,4,0,'82c26d34-dd2f-49e4-887f-40b10e495924'),(23,43.86,1,0,'8a736d81-de7b-4cff-932f-6ebf4a1c4887'),(23,14.22,7,0,'b26d2e38-a8d1-4c67-98d3-14fdf027f310'),(23,35.94,8,0,'d4a450a7-5d47-4aa5-bb9e-62123b16d960'),(23,68.54,5,0,'fa3652fa-a7c4-4b3f-9817-43aedc5e1452'),(24,48.36,3,0,'3f880939-c8be-4dcc-83f7-956eafc3d704'),(24,59.68,9,0,'a1b7aa6e-5868-4378-b546-764471ce24f0'),(24,86.71,2,0,'b26d2e38-a8d1-4c67-98d3-14fdf027f310'),(24,96.19,3,0,'b376ac04-4cc0-4519-be86-aa1484595c65'),(24,97.67,5,0,'fa3652fa-a7c4-4b3f-9817-43aedc5e1452'),(25,5.27,2,0,'3f880939-c8be-4dcc-83f7-956eafc3d704'),(25,80.85,1,0,'bb2a7fd4-8f99-492d-bf26-24b4b61ab362'),(26,34.94,3,0,'192fd28a-08d3-4685-89e1-96c91d939700'),(27,51.09,3,0,'72cebb6a-571b-496f-80dd-df65dd87e357'),(27,33.31,5,0,'b05b0b15-ef7c-409d-8a4e-c2ba9380c228'),(27,44.33,6,0,'ea0a5d06-22f9-4747-ad46-7d984405d689'),(28,82.74,3,0,'5d2d178a-4f83-490e-a1b9-87f103ca843f'),(28,16.93,3,0,'774a96ba-926a-403a-8998-e9d19d55bb56'),(29,28.5,5,0,'22ab8d40-f414-4832-ab9a-90793422acfd'),(29,27.37,9,0,'26308f0f-2c99-467b-b376-6f0fa50378d6'),(29,78.73,6,0,'b5ec2db1-7c05-4695-bdbd-97672dcba5f3'),(29,86.19,3,0,'ea7788d8-5298-4e57-9dc2-eee0bafa873c'),(30,21.9,1,0,'26b4ba4b-0bc6-4d63-9c9d-d3f58af56418'),(30,61.2,5,0,'315c1a87-668a-43a2-ba96-8a584a39f51f'),(30,84.86,2,0,'8a736d81-de7b-4cff-932f-6ebf4a1c4887'),(30,31.16,5,0,'bb2a7fd4-8f99-492d-bf26-24b4b61ab362'),(30,2.67,7,0,'c0fafd42-6f66-40c1-bc4b-137f8aa894ee'),(30,19.66,4,0,'e12bd20b-6b91-46a9-8218-dd8b7ba5bc09'),(31,97.48,8,0,'1b1aad5c-a0c7-4532-9a96-f333977ffd53'),(31,99.97,2,0,'4f4bf035-045f-4f0b-9bfd-cc3fd4c4b4c9'),(31,44.94,3,0,'565b479b-5ad4-4dc3-82a0-44b149cf7a68'),(31,54.02,6,0,'a1b7aa6e-5868-4378-b546-764471ce24f0'),(31,34.15,5,0,'bb2a7fd4-8f99-492d-bf26-24b4b61ab362'),(31,51.85,2,0,'c68ab4ce-927a-4f87-a990-b7684113d2c5'),(32,90.55,1,0,'b05b0b15-ef7c-409d-8a4e-c2ba9380c228'),(33,34.1,7,0,'d9c55bcc-8bce-4ced-9714-745ad6689014'),(34,36.09,5,0,'35be9c3d-0edf-498e-a05c-2210da32792e'),(35,59.81,9,0,'336f7f67-155c-49da-a8fa-b6cc804b366b'),(35,5.92,7,0,'5bb179f7-457e-4e5e-a77f-5cb019f25f3f'),(35,2.63,1,0,'c68ab4ce-927a-4f87-a990-b7684113d2c5'),(36,81.16,8,0,'93fb6c6e-d781-450d-940b-63d12378a471'),(36,85.55,3,0,'bb2a7fd4-8f99-492d-bf26-24b4b61ab362'),(36,8.74,3,0,'ce30aa6b-3982-430e-aa11-5b8108e5af85'),(36,4.81,6,0,'da30be35-9cc6-4008-8bd9-9170599ae28c'),(37,65.85,5,0,'35be9c3d-0edf-498e-a05c-2210da32792e'),(37,42.98,8,0,'49428e34-cfcd-4a47-813a-0a808a6b221a'),(37,2.71,4,0,'82a0b7c3-0d17-4877-87f0-af562e304465'),(37,24.57,8,0,'9beb7c28-d9ca-41fc-a23b-7ce1f64fe02c'),(37,9.06,4,0,'b97a3c54-e229-4f5a-8231-0e5424cc42c4'),(38,5.58,2,0,'8899beb5-765e-4d7f-8aef-a67cb51e2d36'),(38,67.13,2,0,'93fb6c6e-d781-450d-940b-63d12378a471'),(38,46.31,8,0,'da30be35-9cc6-4008-8bd9-9170599ae28c'),(39,42.26,2,0,'1ab1737c-d502-4b5e-82b6-77b9a1ab208f'),(39,87.89,9,0,'e210027f-6a32-48ce-b9da-ddf134e4c05d'),(39,28.17,6,0,'fa3652fa-a7c4-4b3f-9817-43aedc5e1452'),(40,77.37,9,0,'2d5ba3b6-3623-4016-9b8d-7b92174547af'),(40,69.08,7,0,'5e1c2d70-068f-4016-83e0-6a2106e1ac5a'),(40,13.78,7,0,'f02b60ab-b6bd-4f00-bbc3-8d35c0410b7c'),(41,20.42,1,0,'26b4ba4b-0bc6-4d63-9c9d-d3f58af56418'),(41,54.8,2,0,'32bba3e9-c7f5-4791-92e3-7752a26f1ed2'),(41,88.7,7,0,'336f7f67-155c-49da-a8fa-b6cc804b366b'),(41,44.91,1,0,'565b479b-5ad4-4dc3-82a0-44b149cf7a68'),(41,7.3,0,0,'9beb7c28-d9ca-41fc-a23b-7ce1f64fe02c'),(41,36.93,10,0,'b5ec2db1-7c05-4695-bdbd-97672dcba5f3'),(41,86.33,10,0,'c642d7c1-52bc-4940-b215-c712f88b5756'),(41,3.58,9,0,'c782042f-d69a-4588-89b7-4c481d84b828'),(41,64.48,2,0,'d52ae9b7-907b-42ff-a61a-e7f894034540'),(41,35.05,5,0,'efca8715-0dda-493e-93ac-9ac14e6ad2be'),(42,46.51,5,0,'336f7f67-155c-49da-a8fa-b6cc804b366b'),(42,73.51,9,0,'61850595-b58a-4c46-b867-0c9546f8b834'),(42,53.81,9,0,'ce30aa6b-3982-430e-aa11-5b8108e5af85'),(43,27.79,3,0,'1ab1737c-d502-4b5e-82b6-77b9a1ab208f'),(43,80.63,3,0,'315c1a87-668a-43a2-ba96-8a584a39f51f'),(43,76.85,5,0,'35be9c3d-0edf-498e-a05c-2210da32792e'),(43,82.96,4,0,'b05b0b15-ef7c-409d-8a4e-c2ba9380c228'),(43,71.35,10,0,'ee53d3e4-e20b-4739-ab0a-a5677d58a7d0'),(44,11.17,1,0,'1501614b-923e-44d0-bb06-adc720b0594c'),(44,89.96,9,0,'5d2d178a-4f83-490e-a1b9-87f103ca843f'),(44,53.58,4,0,'669a183c-6a12-4ce0-94f3-345cf07053ce'),(44,92.39,4,0,'966cfd28-b600-4630-8384-9638f3961727'),(44,3.78,2,0,'9beb7c28-d9ca-41fc-a23b-7ce1f64fe02c'),(44,65.45,4,0,'a980255b-ae69-47ea-8905-888fc0defce3'),(45,54.24,5,0,'23595040-8b59-48b5-997a-36f2257a67f6'),(45,58.09,8,0,'93fb6c6e-d781-450d-940b-63d12378a471'),(46,37.63,8,0,'07793ab8-c772-4f7a-a812-5723ba423f14'),(46,38.52,8,0,'1501614b-923e-44d0-bb06-adc720b0594c'),(46,39.93,6,0,'336f7f67-155c-49da-a8fa-b6cc804b366b'),(46,58.74,7,0,'7198d1e8-e53b-4630-8cfd-da43acc14e6f'),(46,74.78,3,0,'a0252864-2bc4-4e5e-ab3d-8b459105931f'),(46,3.46,10,0,'b05b0b15-ef7c-409d-8a4e-c2ba9380c228'),(46,9.97,8,0,'e12bd20b-6b91-46a9-8218-dd8b7ba5bc09'),(46,65.4,2,0,'fa3652fa-a7c4-4b3f-9817-43aedc5e1452'),(47,55.34,7,0,'475f47c0-6343-43a4-bd5e-1149a174c7ad'),(47,19.36,3,0,'5d2d178a-4f83-490e-a1b9-87f103ca843f'),(47,28.01,8,0,'b26d2e38-a8d1-4c67-98d3-14fdf027f310'),(47,73.59,9,0,'c642d7c1-52bc-4940-b215-c712f88b5756'),(48,94.12,3,0,'34a0d150-9f51-4459-ae6c-7775a4dca93d'),(48,72.56,4,0,'d529d879-d164-4731-9d32-370ee5833f62'),(48,66.57,6,0,'efca8715-0dda-493e-93ac-9ac14e6ad2be'),(49,97.92,9,0,'26b4ba4b-0bc6-4d63-9c9d-d3f58af56418'),(49,65.32,4,0,'270dd20a-8e35-4136-80e1-394031abfca5'),(49,99.02,7,0,'3c47b9a8-f75e-4cfd-898a-c7b761c9e857'),(49,49.62,6,0,'a8312e13-3166-4873-a31d-3c06179c446e'),(49,35.48,7,0,'b8b7ade9-bee5-458f-b70f-0cc8108412f3'),(50,94.68,10,0,'1ab1737c-d502-4b5e-82b6-77b9a1ab208f'),(50,41.74,4,0,'4f4bf035-045f-4f0b-9bfd-cc3fd4c4b4c9'),(50,94.26,2,0,'a44e421c-6789-4be7-aed2-d1184a3234fe'),(50,78.12,6,0,'a8312e13-3166-4873-a31d-3c06179c446e'),(50,59.69,9,0,'b1c00990-175c-4711-8c0f-fa8b1020f1fb'),(50,67.7,7,0,'b26d2e38-a8d1-4c67-98d3-14fdf027f310'),(50,25.03,2,0,'b6097bbb-01b3-48f9-a9cf-c5ea0f0aae15'),(51,71.29,4,0,'1ab1737c-d502-4b5e-82b6-77b9a1ab208f'),(51,66.75,3,0,'4f4bf035-045f-4f0b-9bfd-cc3fd4c4b4c9'),(51,86.22,3,0,'efca8715-0dda-493e-93ac-9ac14e6ad2be'),(52,88.58,4,0,'3c47b9a8-f75e-4cfd-898a-c7b761c9e857'),(52,40.74,7,0,'769ec463-cd6b-4774-913e-da0f120cdf97'),(53,66.12,2,0,'41efd1ee-9424-437a-8389-d3c1be43bd7d'),(53,90.31,7,0,'a8312e13-3166-4873-a31d-3c06179c446e'),(54,91.09,10,0,'315c1a87-668a-43a2-ba96-8a584a39f51f'),(54,76.03,4,0,'6da00220-8e3b-4a25-9501-4e81612d8de7'),(55,59.1,5,0,'3d076282-6f8f-42cb-a1d3-e806bfb5975f'),(55,55.3,6,0,'669a183c-6a12-4ce0-94f3-345cf07053ce'),(55,51.91,9,0,'b1c00990-175c-4711-8c0f-fa8b1020f1fb'),(55,94.58,1,0,'d69def76-e276-4345-beb4-0ce47ce8b602'),(56,33.55399957895279,1,0.05,'01ff6e72-a26a-4349-a555-4a0f7121b88b'),(56,33.55399957895279,1,0.05,'815540be-1d5d-4707-8787-9696588a4d9c'),(56,26.97,3,0,'8b8c4eeb-684b-4cc9-8aea-93a79ba0489e'),(56,65.37,5,0,'b5ec2db1-7c05-4695-bdbd-97672dcba5f3'),(56,15.8,0,0,'ce30aa6b-3982-430e-aa11-5b8108e5af85'),(57,56.8,6,0,'a0358e10-681e-456c-b5a8-f8a35b0202cd'),(57,97.59,9,0,'c5418229-0589-4ca5-86d2-0db95193763d'),(57,60.39,8,0,'c782042f-d69a-4588-89b7-4c481d84b828'),(57,81.33,5,0,'efca8715-0dda-493e-93ac-9ac14e6ad2be'),(58,46.92,7,0,'32bba3e9-c7f5-4791-92e3-7752a26f1ed2'),(58,13.5,0,0,'d69def76-e276-4345-beb4-0ce47ce8b602'),(59,67.62,1,0,'07793ab8-c772-4f7a-a812-5723ba423f14'),(59,12.89,1,0,'6da00220-8e3b-4a25-9501-4e81612d8de7'),(59,92.8,5,0,'966cfd28-b600-4630-8384-9638f3961727'),(60,8.19,9,0,'32bba3e9-c7f5-4791-92e3-7752a26f1ed2'),(60,51.89,6,0,'3d076282-6f8f-42cb-a1d3-e806bfb5975f'),(60,11.23,4,0,'769ec463-cd6b-4774-913e-da0f120cdf97'),(61,23.02,2,0,'035a7aa0-c5be-4a92-968c-1acf22fd7806'),(61,44.38,5,0,'5e1c2d70-068f-4016-83e0-6a2106e1ac5a'),(61,38.14,3,0,'93fb6c6e-d781-450d-940b-63d12378a471'),(61,39.75,2,0,'9beb7c28-d9ca-41fc-a23b-7ce1f64fe02c'),(61,57.16,4,0,'fa3652fa-a7c4-4b3f-9817-43aedc5e1452'),(62,72.32,7,0,'41efd1ee-9424-437a-8389-d3c1be43bd7d'),(62,49.42,9,0,'7b733c44-4f66-4628-8be7-8635501210e9'),(63,75.44,7,0,'0273e142-104d-491b-96b3-cea5ccc03b53'),(63,19.88,6,0,'270dd20a-8e35-4136-80e1-394031abfca5'),(63,67.54,9,0,'5bb179f7-457e-4e5e-a77f-5cb019f25f3f'),(63,56.81,6,0,'625288f1-ab06-454e-b718-c923ec334a12'),(63,9.8,0,0,'82a0b7c3-0d17-4877-87f0-af562e304465'),(63,61.82,4,0,'9beb7c28-d9ca-41fc-a23b-7ce1f64fe02c'),(63,14.05,2,0,'da30be35-9cc6-4008-8bd9-9170599ae28c'),(64,41.23,2,0,'26b4ba4b-0bc6-4d63-9c9d-d3f58af56418'),(64,94.87,8,0,'6da00220-8e3b-4a25-9501-4e81612d8de7'),(65,4.95,2,0,'ed45beaf-6151-4c1b-a7bf-165865eab652'),(65,97.97,5,0,'f979b04b-cfcb-4ef6-b3b2-6b2128c89bb8'),(66,51.02,2,0,'01ff6e72-a26a-4349-a555-4a0f7121b88b'),(66,40.59,6,0,'336f7f67-155c-49da-a8fa-b6cc804b366b'),(66,64.4,9,0,'625288f1-ab06-454e-b718-c923ec334a12'),(66,51.02,2,0,'815540be-1d5d-4707-8787-9696588a4d9c'),(67,5.8,0,0,'4f4bf035-045f-4f0b-9bfd-cc3fd4c4b4c9'),(67,28.9,6,0,'a792ed2e-1935-4867-802d-6757f3e0533d'),(67,87.45,10,0,'a8312e13-3166-4873-a31d-3c06179c446e'),(68,77.51,7,0,'3f880939-c8be-4dcc-83f7-956eafc3d704'),(68,19.89,3,0,'a0252864-2bc4-4e5e-ab3d-8b459105931f'),(69,4.73,2,0,'1ab1737c-d502-4b5e-82b6-77b9a1ab208f'),(69,62.77,4,0,'1f447519-ee93-4115-a0b1-2fcde033af5d'),(69,45.82,5,0,'625288f1-ab06-454e-b718-c923ec334a12'),(70,66.23,3,0,'2d5ba3b6-3623-4016-9b8d-7b92174547af'),(70,14.95,3,0,'315c1a87-668a-43a2-ba96-8a584a39f51f'),(70,9.4,0,0,'336f7f67-155c-49da-a8fa-b6cc804b366b'),(70,42.79,3,0,'82c26d34-dd2f-49e4-887f-40b10e495924'),(70,99.17,1,0,'8a736d81-de7b-4cff-932f-6ebf4a1c4887'),(70,73.97,4,0,'a980255b-ae69-47ea-8905-888fc0defce3'),(70,91.22,10,0,'b5ec2db1-7c05-4695-bdbd-97672dcba5f3'),(70,7.33,9,0,'ce30aa6b-3982-430e-aa11-5b8108e5af85'),(71,85.29,6,0,'270dd20a-8e35-4136-80e1-394031abfca5'),(71,92.33,8,0,'da30be35-9cc6-4008-8bd9-9170599ae28c'),(72,89.49,2,0,'5e1c2d70-068f-4016-83e0-6a2106e1ac5a'),(72,36.59,7,0,'a0252864-2bc4-4e5e-ab3d-8b459105931f'),(72,71.17,9,0,'a0358e10-681e-456c-b5a8-f8a35b0202cd'),(72,87.6,9,0,'ee53d3e4-e20b-4739-ab0a-a5677d58a7d0'),(73,28.24,4,0,'7b733c44-4f66-4628-8be7-8635501210e9'),(74,43.78770042181015,2,0.01,'51e49699-c199-45c6-8cf3-18f794e74c8b'),(74,52.18,7,0,'99b8211e-2026-4248-852b-5406ca019e52'),(74,43.78770042181015,2,0.01,'a23f1da1-f407-411e-88ea-fe0ff7d597e4'),(74,92.27,8,0,'b1c00990-175c-4711-8c0f-fa8b1020f1fb'),(74,43.78770042181015,2,0.01,'c1e82629-cb99-40be-a02e-0c22faa3968c'),(74,54.16,3,0,'ea7788d8-5298-4e57-9dc2-eee0bafa873c'),(75,53.43,4,0,'22ab8d40-f414-4832-ab9a-90793422acfd'),(75,77.29,2,0,'336f7f67-155c-49da-a8fa-b6cc804b366b'),(75,59.98,1,0,'475f47c0-6343-43a4-bd5e-1149a174c7ad'),(75,4.15,7,0,'e210027f-6a32-48ce-b9da-ddf134e4c05d'),(76,35.51,7,0,'22ab8d40-f414-4832-ab9a-90793422acfd'),(76,51.95,9,0,'82a0b7c3-0d17-4877-87f0-af562e304465'),(76,58.93,4,0,'d9c55bcc-8bce-4ced-9714-745ad6689014'),(77,17.66,2,0,'270dd20a-8e35-4136-80e1-394031abfca5'),(77,41.12,7,0,'32bba3e9-c7f5-4791-92e3-7752a26f1ed2'),(77,87.02,10,0,'a0252864-2bc4-4e5e-ab3d-8b459105931f'),(77,63.67,6,0,'c68ab4ce-927a-4f87-a990-b7684113d2c5'),(77,15.65,9,0,'d52ae9b7-907b-42ff-a61a-e7f894034540'),(77,58.79,9,0,'da30be35-9cc6-4008-8bd9-9170599ae28c'),(78,89.03,2,0,'82a0b7c3-0d17-4877-87f0-af562e304465'),(78,72.04,1,0,'fb36eae2-27c4-49a4-b7a2-2f6d8482dd89'),(79,53.74,7,0,'315c1a87-668a-43a2-ba96-8a584a39f51f'),(79,40.38,4,0,'5bb179f7-457e-4e5e-a77f-5cb019f25f3f'),(79,63.67,6,0,'72cebb6a-571b-496f-80dd-df65dd87e357'),(79,37.05,8,0,'e210027f-6a32-48ce-b9da-ddf134e4c05d'),(80,94.53,3,0,'d52ae9b7-907b-42ff-a61a-e7f894034540'),(81,40.23,3,0,'6aad49f9-8531-430c-a223-a97de5052111'),(81,43.28,7,0,'ce30aa6b-3982-430e-aa11-5b8108e5af85'),(82,95.62,7,0,'336f7f67-155c-49da-a8fa-b6cc804b366b'),(82,35.92,5,0,'5e1c2d70-068f-4016-83e0-6a2106e1ac5a'),(82,36.72,3,0,'b6097bbb-01b3-48f9-a9cf-c5ea0f0aae15'),(83,54.26,4,0,'93fb6c6e-d781-450d-940b-63d12378a471'),(83,52.86,1,0,'a1b7aa6e-5868-4378-b546-764471ce24f0'),(83,13.94,9,0,'efca8715-0dda-493e-93ac-9ac14e6ad2be'),(84,83.28,6,0,'192fd28a-08d3-4685-89e1-96c91d939700'),(84,71.27,1,0,'336f7f67-155c-49da-a8fa-b6cc804b366b'),(84,48.21,9,0,'b8b7ade9-bee5-458f-b70f-0cc8108412f3'),(85,38.73,6,0,'0273e142-104d-491b-96b3-cea5ccc03b53'),(85,96.59,5,0,'8b8c4eeb-684b-4cc9-8aea-93a79ba0489e'),(85,95.13,6,0,'966cfd28-b600-4630-8384-9638f3961727'),(86,23.16,7,0,'0273e142-104d-491b-96b3-cea5ccc03b53'),(86,90.05,6,0,'3f880939-c8be-4dcc-83f7-956eafc3d704'),(86,33.37,2,0,'b5ec2db1-7c05-4695-bdbd-97672dcba5f3'),(86,55.6,6,0,'b8b7ade9-bee5-458f-b70f-0cc8108412f3'),(86,19.66,4,0,'fa3652fa-a7c4-4b3f-9817-43aedc5e1452'),(87,55.73,9,0,'0273e142-104d-491b-96b3-cea5ccc03b53'),(87,52.4,1,0,'192fd28a-08d3-4685-89e1-96c91d939700'),(87,71.1,4,0,'26308f0f-2c99-467b-b376-6f0fa50378d6'),(87,97.17,8,0,'270dd20a-8e35-4136-80e1-394031abfca5'),(87,32.11,5,0,'6da00220-8e3b-4a25-9501-4e81612d8de7'),(87,46.29,9,0,'bb2a7fd4-8f99-492d-bf26-24b4b61ab362'),(88,61.18,8,0,'32bba3e9-c7f5-4791-92e3-7752a26f1ed2'),(88,45.24,5,0,'5c0666b6-0fda-44b2-b19e-7853ddab46d0'),(89,31.3,8,0,'1a22219f-84b8-4bec-a3c3-7c673f952792'),(89,27.68,4,0,'82a0b7c3-0d17-4877-87f0-af562e304465'),(90,76.63,2,0,'32bba3e9-c7f5-4791-92e3-7752a26f1ed2'),(90,79.99,2,0,'769ec463-cd6b-4774-913e-da0f120cdf97'),(90,28.34,4,0,'b97a3c54-e229-4f5a-8231-0e5424cc42c4'),(90,2.35,5,0,'e12bd20b-6b91-46a9-8218-dd8b7ba5bc09'),(90,6.71,2,0,'ee53d3e4-e20b-4739-ab0a-a5677d58a7d0'),(91,39.63,1,0,'e9d5ff07-9517-4354-b736-80aee0054569'),(92,14.05,2,0,'26b4ba4b-0bc6-4d63-9c9d-d3f58af56418'),(92,82.97,8,0,'32bba3e9-c7f5-4791-92e3-7752a26f1ed2'),(92,36.79,6,0,'bb2a7fd4-8f99-492d-bf26-24b4b61ab362'),(93,4.18,3,0,'34a0d150-9f51-4459-ae6c-7775a4dca93d'),(94,41.85,3,0,'774a96ba-926a-403a-8998-e9d19d55bb56'),(94,80.49,6,0,'9beb7c28-d9ca-41fc-a23b-7ce1f64fe02c'),(94,47.73,7,0,'b376ac04-4cc0-4519-be86-aa1484595c65'),(95,77.96,4,0,'07793ab8-c772-4f7a-a812-5723ba423f14'),(96,22.970999711751936,3,0.05,'51e49699-c199-45c6-8cf3-18f794e74c8b'),(96,22.970999711751936,3,0.05,'a23f1da1-f407-411e-88ea-fe0ff7d597e4'),(96,22.970999711751936,3,0.05,'c1e82629-cb99-40be-a02e-0c22faa3968c'),(96,94.81,9,0,'d69def76-e276-4345-beb4-0ce47ce8b602'),(97,1.29,5,0,'41efd1ee-9424-437a-8389-d3c1be43bd7d'),(97,38.63,6,0,'669a183c-6a12-4ce0-94f3-345cf07053ce'),(97,51.07,0,0,'72cebb6a-571b-496f-80dd-df65dd87e357'),(97,73.15,2,0,'a1b7aa6e-5868-4378-b546-764471ce24f0'),(97,38.35,4,0,'b339e7e3-9f71-4c34-b2e4-8be7327eaf38'),(97,93.32,9,0,'b6097bbb-01b3-48f9-a9cf-c5ea0f0aae15'),(97,2.87,8,0,'dcd266e3-6259-4d24-a562-9efeaafd4112'),(98,71.45,5,0,'22ab8d40-f414-4832-ab9a-90793422acfd'),(98,1.98,5,0,'5c0666b6-0fda-44b2-b19e-7853ddab46d0'),(98,66.16,4,0,'82a0b7c3-0d17-4877-87f0-af562e304465'),(98,92.5,4,0,'a8312e13-3166-4873-a31d-3c06179c446e'),(98,52.91,3,0,'d52ae9b7-907b-42ff-a61a-e7f894034540'),(98,53.12,2,0,'d69def76-e276-4345-beb4-0ce47ce8b602'),(99,27.63,3,0,'4f4bf035-045f-4f0b-9bfd-cc3fd4c4b4c9'),(99,81.93,5,0,'6aad49f9-8531-430c-a223-a97de5052111'),(99,50.02,10,0,'93fb6c6e-d781-450d-940b-63d12378a471'),(99,31.52,6,0,'c68ab4ce-927a-4f87-a990-b7684113d2c5'),(99,20.04,6,0,'ea7788d8-5298-4e57-9dc2-eee0bafa873c'),(100,22.53,3,0,'c68ab4ce-927a-4f87-a990-b7684113d2c5'),(101,39.05449950993061,1,0.05,'026f1dae-a768-41e8-9ff8-5b895499c477'),(101,39.05449950993061,113,0.05,'1b07d50a-89d7-4498-bd0c-1daf1ec7afe4'),(101,39.05449950993061,1,0.05,'b84e218e-0b5e-48ba-8d53-3ce7221ed4ed'),(101,39.05449950993061,1,0.05,'dfa24517-12f5-497f-8e9f-3fc97de80616');
/*!40000 ALTER TABLE `order_detail` ENABLE KEYS */;
UNLOCK TABLES;

--
-- Table structure for table `product`
--

DROP TABLE IF EXISTS `product`;
/*!40101 SET @saved_cs_client     = @@character_set_client */;
/*!50503 SET character_set_client = utf8mb4 */;
CREATE TABLE `product` (
  `id` int NOT NULL AUTO_INCREMENT,
  `product_name` varchar(45) DEFAULT NULL,
  `product_details` varchar(256) CHARACTER SET utf8mb3 COLLATE utf8mb3_general_ci DEFAULT NULL,
  `product_price` double DEFAULT NULL,
  `stock` int DEFAULT NULL,
  `category_id` int NOT NULL,
  `active` tinyint(1) DEFAULT '1',
  PRIMARY KEY (`id`),
  KEY `fk_product_category_idx` (`category_id`),
  CONSTRAINT `fk_product_category` FOREIGN KEY (`category_id`) REFERENCES `category` (`id`)
) ENGINE=InnoDB AUTO_INCREMENT=104 DEFAULT CHARSET=utf8mb4 COLLATE=utf8mb4_0900_ai_ci;
/*!40101 SET character_set_client = @saved_cs_client */;

--
-- Dumping data for table `product`
--

LOCK TABLES `product` WRITE;
/*!40000 ALTER TABLE `product` DISABLE KEYS */;
INSERT INTO `product` VALUES (1,'#ef807f','adipiscing lacus. Ut nec urna et arcu',71.11,119,2,1),(2,'#9be006','Duis elementum, dui quis accumsan',90.1,156,4,1),(3,'#82c940','mi, ac mattis velit',53.92,195,3,1),(4,'#67b3c6','sodales elit erat vitae risus. Duis a mi fringilla mi',25.02,164,4,1),(5,'#57d688','euismod in, dolor. Fusce feugiat. Lorem ipsum dolor sit amet,',18.85,181,2,1),(6,'#5c43ad','natoque penatibus et magnis dis',55.03,194,5,1),(7,'#67e5cc','tellus,',11.62,111,1,1),(8,'#2b6196','Morbi neque tellus, imperdiet non,',79.95,129,3,1),(9,'#395ead','congue a, aliquet vel, vulputate eu, odio. Phasellus at augue',69.1,152,5,1),(10,'#ef83e1','nunc sed pede.',80.28,198,9,1),(11,'#4ea81e','sed pede nec ante blandit viverra. Donec tempus, lorem fringilla',47.72,111,4,1),(12,'#8bef69','urna. Ut tincidunt vehicula risus. Nulla',67.28,130,4,1),(13,'#38b8ea','porttitor scelerisque neque. Nullam nisl. Maecenas malesuada',85.55,179,2,1),(14,'#a8e214','ultrices posuere cubilia Curae Donec',94.99,104,2,1),(15,'#f9e96b','nisi nibh lacinia orci, consectetuer euismod',48.34,131,8,1),(16,'#2cba59','accumsan interdum libero',50.2,130,5,1),(17,'#0be566','arcu. Sed et',76.15,127,8,1),(18,'#c1fbff','ultrices. Vivamus rhoncus. Donec est. Nunc ullamcorper, velit',46.36,106,9,1),(19,'#f78af1','Suspendisse non leo. Vivamus nibh',27.08,198,4,1),(20,'#7fc645','et ultrices posuere cubilia Curae Phasellus',92.78,116,5,1),(21,'#ea67d6','purus mauris a nunc. In at pede. Cras vulputate velit',67.77,117,4,1),(22,'#bee4f7','nunc est, mollis non, cursus non, egestas a, dui.',89.23,131,2,1),(23,'#f93b78','commodo hendrerit. Donec porttitor tellus non magna. Nam',13.06,126,8,1),(24,'#dd87d5','interdum feugiat. Sed nec metus',48.48,138,9,1),(25,'#62ff3f','non leo. Vivamus nibh dolor, nonummy ac,',25.7,100,3,1),(26,'#eef229','consequat, lectus',91.16,144,4,1),(27,'#afbff7','accumsan interdum libero dui nec',17.84,186,2,1),(28,'#30c17b','amet, consectetuer adipiscing elit. Etiam laoreet,',34.11,106,2,1),(29,'#e5f94d','dui.',50,151,7,1),(30,'#3058db','nec, euismod in,',16.88,107,7,1),(31,'#5ae85f','luctus sit amet, faucibus ut, nulla.',92.87,138,3,1),(32,'#74e0b1','neque vitae semper',84.28,124,8,1),(33,'#6523a8','dapibus quam',91.23,101,6,1),(34,'#a802db','Phasellus at augue id ante dictum',55.66,111,4,1),(35,'#b2fff8','ac mattis semper, dui lectus rutrum urna, nec',73.73,126,8,1),(36,'#efad62','mollis lectus pede et risus.',18.08,155,5,1),(37,'#4a0fe0','Aliquam adipiscing',81.9,174,8,1),(38,'#2ad604','consectetuer euismod est arcu ac',26.7,145,8,1),(39,'#6c2be5','amet risus. Donec egestas.',44.4,159,6,1),(40,'#06d8ab','lobortis mauris. Suspendisse aliquet molestie',10.25,157,8,1),(41,'#ffd670','amet, consectetuer',99.4,166,9,1),(42,'#8af427','ipsum sodales purus, in molestie tortor',47.47,126,8,1),(43,'#aefcd6','bibendum ullamcorper. Duis cursus, diam at pretium aliquet, metus',13.55,168,2,1),(44,'#fcefb5','rutrum lorem ac risus. Morbi metus. Vivamus',37.97,139,1,1),(45,'#caf481','ac, feugiat non, lobortis',41.82,118,5,1),(46,'#edd60e','Fusce fermentum fermentum arcu. Vestibulum ante ipsum primis',61.38,143,4,1),(47,'#e00dd5','Fusce mollis. Duis sit amet diam eu dolor egestas',30.27,161,2,1),(48,'#3ba81f','sit amet risus. Donec',68.65,129,1,1),(49,'#1b9ac1','vehicula risus. Nulla eget metus',22.32,169,7,1),(50,'#d61d89','sit amet luctus vulputate, nisi sem semper erat, in consectetuer',54.31,177,6,1),(51,'#62ea1e','a, facilisis non, bibendum sed, est.',12.01,170,8,1),(52,'#8e122d','Mauris quis turpis vitae purus gravida sagittis.',79.33,198,5,1),(53,'#a4f28a','ipsum dolor sit amet, consectetuer adipiscing elit. Curabitur',74.75,129,4,1),(54,'#fcfcb0','euismod enim. Etiam gravida molestie arcu. Sed',40.67,188,8,1),(55,'#c7e0fc','mollis lectus pede et risus. Quisque',64.8,174,5,1),(56,'#bbfc53','eros. Nam consequat',35.32,126,1,1),(57,'#b3dff2','quis accumsan convallis, ante lectus convallis est,',82.47,140,6,1),(58,'#223a89','erat vitae risus. Duis a mi',54.57,120,1,1),(59,'#b50e21','ante, iaculis nec,',90.42,165,9,1),(60,'#300782','in faucibus orci luctus et ultrices',63.53,136,6,1),(61,'#8cf711','vel, vulputate eu, odio. Phasellus at augue id ante',99.15,136,3,1),(62,'#e56ba0','tempor, est ac mattis semper, dui lectus',97.32,185,8,1),(63,'#8fe7f7','dui augue eu tellus.',50.31,176,5,1),(64,'#c741d8','felis orci,',24.93,171,10,1),(65,'#8334b5','Duis gravida. Praesent eu nulla',67.4,157,1,1),(66,'#f79eb3','vel lectus. Cum sociis natoque penatibus et',51.02,130,7,1),(67,'#0847db','ac libero nec ligula consectetuer rhoncus. Nullam',64.08,184,4,1),(68,'#5338aa','felis orci, adipiscing non,',78,158,9,1),(69,'#c775dd','nunc ac mattis ornare, lectus',10.18,191,5,1),(70,'#3c87a3','metus urna convallis erat, eget tincidunt dui augue eu',52.47,174,8,1),(71,'#d83ac3','aliquam, enim nec',80.25,110,2,1),(72,'#8ff7ec','mi',27.88,115,3,1),(73,'#dce837','lectus ante dictum mi, ac mattis velit justo',85.78,185,5,1),(74,'#e864fc','dui. Suspendisse',44.23,95,3,1),(75,'#2c7502','gravida sit amet, dapibus id, blandit',57.16,126,2,1),(76,'#12e23f','in, cursus',98.06,162,1,1),(77,'#d64d8d','ac orci. Ut semper pretium neque. Morbi',73.79,125,10,1),(78,'#e560e5','mi lorem, vehicula et, rutrum eu,',72.04,111,6,1),(79,'#eefc92','orci.',89.56,125,1,1),(80,'#fc7ec3','at, libero. Morbi accumsan',80.73,117,1,1),(81,'#231d9b','vitae diam. Proin',92.66,137,3,1),(82,'#ef59f7','Curabitur massa. Vestibulum accumsan neque et nunc. Quisque ornare',42.22,144,8,1),(83,'#d3a64c','eleifend non, dapibus rutrum,',46.56,142,9,1),(84,'#20fced','gravida sit amet, dapibus id, blandit at, nisi.',51.34,142,6,1),(85,'#f97582','enim. Mauris quis turpis vitae purus gravida sagittis. Duis',60.99,103,5,1),(86,'#3fc19d','egestas. Fusce aliquet',66.29,168,7,1),(87,'#0cf427','hendrerit neque.',61.91,105,2,1),(88,'#44eadf','feugiat nec, diam. Duis mi enim, condimentum eget, volutpat',14.49,165,1,1),(89,'#c8db72','et magnis',15.46,183,2,1),(90,'#f9bbef','imperdiet ullamcorper.',22.67,115,4,1),(91,'#eaa4f2','dis parturient montes, nascetur ridiculus',39.14,183,8,1),(92,'#e89dd7','enim',36.31,163,5,1),(93,'#ffccaa','mattis velit justo nec ante. Maecenas mi felis, adipiscing',49.76,138,2,1),(94,'#7e96d3','sit',56.92,174,3,1),(95,'#64e067','quis turpis vitae purus gravida sagittis. Duis gravida. Praesent eu',20.48,128,9,1),(96,'#ffc9e2','iaculis',24.18,152,3,1),(97,'#c7f453','dictum cursus. Nunc',25.12,157,9,1),(98,'#28e2d0','commodo ipsum. Suspendisse',98.51,157,3,1),(99,'#f95a45','sapien imperdiet ornare.',16.4,197,8,1),(100,'#a0331b','porta elit, a feugiat tellus lorem eu metus. In',17.51,113,2,1),(101,'producttest01','abc',41.11,4,2,1),(103,'xyz','ultrices posuere cubilia Curae Donec',94.99,109,2,0);
/*!40000 ALTER TABLE `product` ENABLE KEYS */;
UNLOCK TABLES;
/*!50003 SET @saved_cs_client      = @@character_set_client */ ;
/*!50003 SET @saved_cs_results     = @@character_set_results */ ;
/*!50003 SET @saved_col_connection = @@collation_connection */ ;
/*!50003 SET character_set_client  = utf8mb4 */ ;
/*!50003 SET character_set_results = utf8mb4 */ ;
/*!50003 SET collation_connection  = utf8mb4_0900_ai_ci */ ;
/*!50003 SET @saved_sql_mode       = @@sql_mode */ ;
/*!50003 SET sql_mode              = 'ONLY_FULL_GROUP_BY,STRICT_TRANS_TABLES,NO_ZERO_IN_DATE,NO_ZERO_DATE,ERROR_FOR_DIVISION_BY_ZERO,NO_ENGINE_SUBSTITUTION' */ ;
DELIMITER ;;
/*!50003 CREATE*/ /*!50017 DEFINER=`root`@`%`*/ /*!50003 TRIGGER `before_product_update` BEFORE UPDATE ON `product` FOR EACH ROW BEGIN
    DECLARE errorMessage VARCHAR(255);
    SET errorMessage = CONCAT('The product stock cannot be below zero');
                        
    IF new.stock < 0 THEN
        SIGNAL SQLSTATE '45000' 
            SET MESSAGE_TEXT = errorMessage;
    END IF;
END */;;
DELIMITER ;
/*!50003 SET sql_mode              = @saved_sql_mode */ ;
/*!50003 SET character_set_client  = @saved_cs_client */ ;
/*!50003 SET character_set_results = @saved_cs_results */ ;
/*!50003 SET collation_connection  = @saved_col_connection */ ;

--
-- Table structure for table `product_supplier`
--

DROP TABLE IF EXISTS `product_supplier`;
/*!40101 SET @saved_cs_client     = @@character_set_client */;
/*!50503 SET character_set_client = utf8mb4 */;
CREATE TABLE `product_supplier` (
  `import_date` datetime DEFAULT NULL,
  `quantity` int DEFAULT NULL,
  `supplier_id` int NOT NULL,
  `product_id` int NOT NULL,
  KEY `fk_product_supplier_supplier1_idx` (`supplier_id`),
  KEY `fk_product_supplier_product1_idx` (`product_id`),
  CONSTRAINT `fk_product_supplier_product1` FOREIGN KEY (`product_id`) REFERENCES `product` (`id`),
  CONSTRAINT `fk_product_supplier_supplier1` FOREIGN KEY (`supplier_id`) REFERENCES `supplier` (`id`),
  CONSTRAINT `FKi90gcsc25m9oxn1sboactst20` FOREIGN KEY (`supplier_id`) REFERENCES `category` (`id`)
) ENGINE=InnoDB DEFAULT CHARSET=utf8mb4 COLLATE=utf8mb4_0900_ai_ci;
/*!40101 SET character_set_client = @saved_cs_client */;

--
-- Dumping data for table `product_supplier`
--

LOCK TABLES `product_supplier` WRITE;
/*!40000 ALTER TABLE `product_supplier` DISABLE KEYS */;
INSERT INTO `product_supplier` VALUES ('2022-02-28 21:35:23',15,9,1),('2021-05-06 22:44:32',13,10,2),('2020-08-19 09:40:46',39,8,3),('2020-12-30 05:42:10',38,8,4),('2022-01-27 18:03:49',40,7,5),('2021-10-13 19:17:07',36,6,6),('2021-07-31 09:06:35',48,2,7),('2021-09-26 20:33:46',18,3,8),('2021-01-03 07:16:00',27,6,9),('2021-04-22 09:13:02',34,6,10),('2022-05-27 11:22:23',32,2,11),('2022-04-01 07:36:25',49,8,12),('2022-05-23 13:01:21',13,4,13),('2020-12-23 07:41:01',50,1,14),('2022-02-13 20:04:43',49,3,15),('2022-06-17 09:12:15',25,7,16),('2021-01-25 18:17:28',41,2,17),('2021-12-08 01:23:42',39,9,18),('2022-03-07 00:35:30',30,7,19),('2020-12-11 19:19:34',35,3,20),('2020-12-28 15:14:25',31,7,21),('2022-05-31 13:16:15',37,9,22),('2021-10-22 06:36:19',43,6,23),('2021-03-08 06:17:40',46,2,24),('2021-07-02 10:20:13',42,10,25),('2021-01-28 11:11:13',37,6,26),('2020-10-19 16:09:18',29,2,27),('2021-09-04 23:01:41',28,7,28),('2021-06-05 08:22:47',37,6,29),('2022-06-06 04:22:54',44,5,30),('2021-08-04 21:07:39',27,1,31),('2021-11-29 19:22:56',49,6,32),('2022-05-29 19:51:03',21,9,33),('2021-05-19 15:25:26',35,7,34),('2020-11-22 22:46:30',21,5,35),('2021-07-16 07:56:42',33,5,36),('2020-12-25 12:50:15',48,9,37),('2020-09-01 09:07:56',49,3,38),('2020-11-23 11:02:48',45,6,39),('2022-02-19 00:50:50',13,4,40),('2020-08-08 08:45:37',22,10,41),('2022-03-03 08:03:51',41,5,42),('2021-09-16 01:39:35',11,6,43),('2022-04-03 00:07:47',16,9,44),('2022-06-22 23:03:23',49,4,45),('2021-09-27 22:46:28',27,4,46),('2022-05-05 18:54:02',41,10,47),('2021-03-17 21:01:14',30,6,48),('2022-03-04 23:35:08',25,9,49),('2021-04-20 11:23:37',10,2,50),('2021-05-15 05:05:01',33,6,51),('2021-04-20 22:50:39',15,5,52),('2021-07-29 18:38:16',31,1,53),('2022-03-12 00:55:25',17,4,54),('2020-10-02 14:31:13',40,7,55),('2020-08-26 19:47:35',14,4,56),('2022-03-04 22:23:50',38,9,57),('2021-09-05 05:46:17',45,3,58),('2022-02-19 06:10:25',41,8,59),('2020-11-04 06:12:04',11,2,60),('2021-01-08 03:38:11',16,7,61),('2021-01-28 23:37:09',29,5,62),('2022-03-24 12:36:16',34,4,63),('2021-11-14 15:55:22',28,9,64),('2022-01-15 12:03:54',37,3,65),('2020-09-10 17:54:25',25,5,66),('2021-04-10 22:29:29',35,4,67),('2021-09-15 03:07:36',16,2,68),('2020-08-23 03:17:27',45,5,69),('2022-04-14 07:02:49',38,2,70),('2021-07-18 17:54:15',20,5,71),('2021-07-30 09:39:18',23,7,72),('2021-01-22 15:03:15',47,2,73),('2022-02-17 00:54:00',46,9,74),('2022-06-25 19:52:33',44,4,75),('2021-07-11 13:23:36',31,2,76),('2021-02-16 17:23:43',41,6,77),('2021-10-10 20:14:53',14,5,78),('2021-01-29 21:43:54',39,6,79),('2020-10-31 08:58:48',16,4,80),('2022-05-28 03:21:25',25,6,81),('2021-03-05 06:20:31',16,7,82),('2022-01-12 07:59:13',28,9,83),('2021-10-28 18:34:25',36,9,84),('2020-11-26 14:07:12',23,7,85),('2021-09-10 10:04:53',37,7,86),('2022-02-15 00:00:33',42,8,87),('2021-10-17 20:29:31',50,8,88),('2021-07-16 05:26:48',40,6,89),('2022-05-05 04:24:04',16,8,90),('2020-07-30 23:31:58',13,2,91),('2022-01-09 10:50:35',16,3,92),('2021-08-25 22:11:10',20,2,93),('2021-03-15 13:56:10',27,3,94),('2020-08-29 04:38:51',33,4,95),('2021-04-19 22:59:48',48,6,96),('2020-08-22 08:30:40',45,8,97),('2021-10-11 05:03:12',40,3,98),('2021-07-15 22:58:18',41,10,99),('2021-04-19 07:58:57',30,5,100);
/*!40000 ALTER TABLE `product_supplier` ENABLE KEYS */;
UNLOCK TABLES;

--
-- Table structure for table `supplier`
--

DROP TABLE IF EXISTS `supplier`;
/*!40101 SET @saved_cs_client     = @@character_set_client */;
/*!50503 SET character_set_client = utf8mb4 */;
CREATE TABLE `supplier` (
  `id` int NOT NULL AUTO_INCREMENT,
  `name` varchar(50) CHARACTER SET utf8mb3 COLLATE utf8mb3_general_ci DEFAULT NULL,
  `address` varchar(256) CHARACTER SET utf8mb3 COLLATE utf8mb3_general_ci DEFAULT NULL,
  `phone` varchar(20) DEFAULT NULL,
  `active` tinyint(1) DEFAULT '1',
  PRIMARY KEY (`id`)
) ENGINE=InnoDB AUTO_INCREMENT=12 DEFAULT CHARSET=utf8mb4 COLLATE=utf8mb4_0900_ai_ci;
/*!40101 SET character_set_client = @saved_cs_client */;

--
-- Dumping data for table `supplier`
--

LOCK TABLES `supplier` WRITE;
/*!40000 ALTER TABLE `supplier` DISABLE KEYS */;
INSERT INTO `supplier` VALUES (1,'Penatibus Foundation','7941 Velit. Rd.','(01347) 87512',1),(2,'Purus Nullam Scelerisque Industries','Ap #537-9579 Ipsum Road','055 4568 3756',1),(3,'Rutrum Lorem Inc.','960-2992 Adipiscing, Av.','055 3412 2890',1),(4,'Congue Elit Sed PC','8286 Molestie Ave','055 5846 6278',1),(5,'Suspendisse Sed Industries','249-4350 Accumsan Rd.','0819 473 1568',1),(6,'Nulla Integer Urna Associates','9639 Ipsum Rd.','056 1782 1564',1),(7,'Primis In Institute','679-9678 Donec Road','(01246) 185962',1),(8,'Tincidunt Adipiscing Mauris Corporation','Ap #926-5192 Sed Rd.','07671 143332',1),(9,'Hendrerit Neque In PC','P.O. Box 548, 6260 Consequat Road','07624 831412',1),(10,'Cursus Et Institute','Ap #892-5972 Et St.','0800 045 1589',0);
/*!40000 ALTER TABLE `supplier` ENABLE KEYS */;
UNLOCK TABLES;

--
-- Table structure for table `user`
--

DROP TABLE IF EXISTS `user`;
/*!40101 SET @saved_cs_client     = @@character_set_client */;
/*!50503 SET character_set_client = utf8mb4 */;
CREATE TABLE `user` (
  `uid` varchar(36) NOT NULL,
  `username` varchar(45) NOT NULL,
  `password` varchar(72) NOT NULL,
  `role` varchar(45) NOT NULL DEFAULT 'USER',
  PRIMARY KEY (`uid`),
  UNIQUE KEY `username_UNIQUE` (`username`)
) ENGINE=InnoDB DEFAULT CHARSET=utf8mb4 COLLATE=utf8mb4_0900_ai_ci;
/*!40101 SET character_set_client = @saved_cs_client */;

--
-- Dumping data for table `user`
--

LOCK TABLES `user` WRITE;
/*!40000 ALTER TABLE `user` DISABLE KEYS */;
INSERT INTO `user` VALUES ('012cfc5f-8a71-41dd-be02-ba83d9b0e382','user48','$2a$10$TfMdK6PLHOcfDETZYdACcOWr36oUulC/Fmpi.oxdrUoZsyyo0NYcK','USER'),('090751c2-e10e-4a42-9c49-c18a7c3cd5e5','user34','$2a$10$QoDtL1mdxwqn9hLAaJVGZefFsLxdeXARqkeEhPPb7tCByYqcXNJAS','USER'),('0ad69c44-e54e-4cad-b019-ad243d9b434e','lmao123','$2a$10$31ApXyU30lqj0quaF1mfVOUbi4G2trhFV0sg56Xj0BXlRoMgL/w5.','USER'),('0b09237b-ddce-4406-be78-c929938da1de','user29','$2a$10$XOT0gXFpSDC/u8j3t2Moze1nFQ/PKOH4FOCbPJzfBcHz8UDypwy9m','USER'),('0b526658-6ad8-48df-9d28-5ae2b5af6d9b','user9','$2a$10$FZsVi3.gqwVLrQnF844pFeoA3bTopv4w/vo6aINCFjCRZ4lzy9yqq','USER'),('0e69db2a-5ad3-406f-8dbc-c56499e29ab3','user2','$2a$10$kpoWYpx65fkY6mjIBoVI6ewAkWq5Pe5MKLiGYzbRKMedezeURvl8m','USER'),('125e018e-1765-4a88-b011-778d9594eff4','user31','$2a$10$ODX5qmkvR3dFXVnUYeXXVukP6IJ2H2BMz2VaXwPiMN3f56WE.B2iC','USER'),('12abbc79-a169-45e2-b183-eea618b9cce5','user43','$2a$10$LFDA0DQC/UVIvdfpmtTQeu06HZ/w7FDU7AP2Ouhhf5NZWQ6QDb4li','USER'),('1802d7ec-37ea-492f-9a88-a7d1e7d8b2f9','user12','$2a$10$rTMOKbgV3lwP1RYUw5eHruHK5WLq6qVzwhcorrzC8XlPoBDND3M3K','USER'),('1bd5a8ed-e1e4-4e72-8b98-7338d54fce53','user39','$2a$10$tiK5lCI2Ins1h9RD7QRqTOveb4bxF1Kwa.Pm7qe8MFpXl1PbbmEDC','USER'),('1c75a18b-9ffa-4584-a804-5e8bad15aa4d','user19','$2a$10$fb.ozyId6SBRPoGieWdCNeCLDs/sSQBTMsKf.Mxn81jIJxtC3jliG','USER'),('20162e36-1fc3-40a2-96a2-f705686abd4a','user38','$2a$10$cHi0pNuRmwxqkLry4FA6heuhrWMugkR6bHEzrtVRosEloUZ2HQFcm','USER'),('2267bd8a-d655-4bd0-9dd9-aa17697b33e9','user7','$2a$10$SneurEgXzxyZUejMQA7OTufWkLMwOejSAo06w0BTPbKzIxFVPFqoy','USER'),('2706940e-8928-4d2b-95ed-4f3d1ad4a0d5','user25','$2a$10$/JbO9bhX1iqQr/7F1Nz1Xu4ekE963asmCCZLOFgb8kNRCLUCTY7wy','USER'),('272c0997-82dd-4c06-bbbc-d287aa83a685','user10','$2a$10$Z0MrIzATjFJU6fCeHtZfYulL2UcbZ3bYOv4XYPub8I7IcYNDzqb/u','USER'),('2f2d0aa9-c536-4baa-990a-2238f6773c7a','lmao124','$2a$10$y43KvmY/5CJRsXAI0KnSzeuPgYmx/d2yLCGnXvDdm0Nf4TDYxZupO','USER'),('30d8959c-fece-491d-b1a6-1d05df03594d','user13','$2a$10$/TqxHNo38RaeVOEhN8LSLOQWQdLWbjBV/0tRkyerBRcVcl2kZMS5C','USER'),('371464e4-b7d2-43f9-9c70-d67c30b5e25e','user6','$2a$10$RCf0LHN2QbvdTQd/HDW/2OLhdMTpq8iaxpKVfGTe9SvlfBE47ciDG','USER'),('4445fc7b-9d8b-4ce4-9279-e9825266b4c6','user21','$2a$10$6lG8.yj2/3TxwG3aSU8jt.OArsGKooNplki9dC2pC1TKiCB9OjAZe','USER'),('4985142b-4211-45d5-a76f-08e06191c2f9','user36','$2a$10$aDGsC5wODNJiC0B2rM5xQeBSUcHGvD6xA9W6JNg8QLQ2M8kEUxcPO','USER'),('60ce70eb-07b4-440d-8041-6d20aae0a63a','user16','$2a$10$uDFeUc7gnR2QF3DdciJmU.4bGCFoer7ovmhSa0pn/gOHGikODrbvO','USER'),('7977e0af-d04d-4dc4-bce5-0a98e682b3a7','user14','$2a$10$/QJzB0ueHjflTP.Rrh8b9.lf2lVjH.PFzmt53LNceHKJzu0P8/ta.','USER'),('7e8f876c-d563-4faf-9aab-f10bd21a735b','user44','$2a$10$bP9QO41ojqqeBYkHzayzb.k.dIpR31kFavCz8KBuKIwg4cl6y3gO.','USER'),('854117be-e469-4d31-95e2-c893c65d28d0','user46','$2a$10$16B4c.UinUHsoB4alM32puhkzDqGN1JJo9KMzJ1k9LjDoFgKJ9rQ6','USER'),('89fa669f-eefe-4a59-8ce6-d574f1c22b52','user3','$2a$10$Q39J.lFbe1zT0o6D2W4hdeRHRyxhKI.0QB/1.hJs09kUAM19dw5gu','USER'),('8a9c956b-f8bd-4178-838a-956aa47dc3c7','user20','$2a$10$6uqFbJGcnOE0B3seBtINie7qqqN4KKUSXZCvJ1u20sdSK0MXbW1JS','USER'),('8ab1512f-641f-4b76-9781-abe56ac2bde8','user17','$2a$10$IH/OxmOAqai.7KMtj5j37OXmyaj2eCEHDWEJx.ytpPuPpcuL5Qp36','USER'),('8d50c350-f4d3-4f24-841e-c5e063f4ebaf','user18','$2a$10$x7aB45Hz02QiY/eieiY3g.mcdmVqO9BKL5q47tzS3h/Nv673W7Zmu','USER'),('92226dd2-cc4f-4dab-a1d4-018bb1afe9fb','user28','$2a$10$IcW5K1NMK1Hyh2b93SFmluX8MVGSaPGmLJXRGrgFeZ8.2fdnnnlKy','USER'),('92bfcfd7-1859-40b6-895f-afd400f8845f','user8','$2a$10$.1Er0e4aglopYgG4e9WiY.9Z2kvxzjPR.U5sFZxvxYTEPRTlGYDwy','USER'),('97237d7c-184b-4be2-b476-350162b5aed8','user24','$2a$10$bycSUWewLsCHSQRJ4uXcp.O/NuPY3v10rOB36TfaIrZTK2xJK/iA6','USER'),('9748b78a-d612-4be5-aa89-29c9a0478da0','user15','$2a$10$/rjIkIrzb2a/Lw.yK3CWz.KGgg3a25uA84q0TANgFkdkyZDg3dlqO','USER'),('9c5e0924-4973-40b6-8c0e-196bb77d2b08','user45','$2a$10$3RwVVzXmJAx2WgoFsgS/1eA2qdRAQ9yNMY9Rmsv00vFnbRh2UNXJy','USER'),('a2b438d9-e18a-4024-b5ef-ffe966e4a838','user49','$2a$10$IV/7dD0o8qJ7ft0yV8aha.aWdcqqIh.PqvvL1gscSycGgog8MEQx.','USER'),('a96ff330-9ee9-4332-9854-37a3a6da5424','user30','$2a$10$UVheNKYEYu4bEfH4RuBm7.dFRL0UgDcychS.EaFDrlLkeJ0ALgtle','USER'),('aae4a753-945e-410d-a5f1-4222dddfab22','user22','$2a$10$Aa8F0/xZgOmvRdxGt3oOku0B/lDbRx6JNI69DQ.eNgpb15GqdPpmO','USER'),('acf5e127-c3ec-4a35-afac-8179f27fafe8','user27','$2a$10$aYuQlmG4QV/qGtCdeYJzWOLGDCdmcKXlIUYhCCi11qIcGo73Ycwry','USER'),('b7505805-2ff0-415b-82bd-1d2bd723c39a','user33','$2a$10$quiGY7EXn3m2Hyj8E4ay7O3ASwOf3LUgu4dyEoWPPCB6smt/ouA/m','USER'),('b78bed65-b1c4-470d-8116-4bcf3908e882','user1','$2a$10$Fj3z/ufNWfvTpLPofOuQF.PPi80kB8xraU/ijFywoP0pOpZyS4r2e','USER'),('bace157a-0fe4-4648-a21e-d6c7f56955c2','user0','$2a$10$xpSrohTaYB7WRN6u.jwd.eXvdMfeztUuAeDLD4Ly/9fnvFbN4epF2','ADMIN'),('bda47d64-9534-4db5-99bb-3dec3a8486de','user26','$2a$10$Ksmx7mTcD8xIGwMZpJxSjuQXf659/LkCgn7q/s4zP63Zbm9w/4Ajy','USER'),('c5809a07-15d1-49f9-8e69-ed1dd4891fba','user40','$2a$10$4/kt3jJ/lVVbTZAjyt3kxe2Q56zxzPruIiQt.A65BtztjPyCjGDr2','USER'),('cb2cdee0-ed1c-4166-b298-80246f29d70c','user37','$2a$10$EXuGlW1lGb96.7rZ76CjM.C5MEYDBtYMbLx4PMDfaT21RWmd3Ao.m','USER'),('cef281b1-29e2-444e-a64b-9284033df271','user35','$2a$10$wYRLWNqAA.itXdweV97S9uzckFbmBMJrBmQeYDpuX77hU4bzLySh2','USER'),('d5761b77-e137-4fe5-907e-20d275d298c4','user41','$2a$10$ekpG/71Haayqe6EpsTosZegkK6.OKOMcTpJ/oUdIDn4O.L.hRIbIm','USER'),('dc40e940-a5de-4446-8e6e-1bd7b197bed5','user5','$2a$10$oBCged/4lroMnPfP3dW6PO0bfVVa67w5qM5q/Va7o6XV264OM6aeO','USER'),('e1cfee1f-1fa3-4f98-b97f-57c0e876b269','user23','$2a$10$ekt5IgVAGHSzAHGLaszmdeVKOdg2lzDFocB1Q8kXA.Vq6ykP6A1Dm','USER'),('e8570afd-b8ab-454b-8d7b-2f9601267672','user42','$2a$10$VnDKN.JgSpC4Oh1QJGc33uP35HTUEOsFs6OA93TVCw0iBW74axFcy','USER'),('ecefbb2e-cf88-4e20-b728-8903c53dac14','user11','$2a$10$FovXTDQUs11.I48xFYjAJO2J6m9UAuvWsmnBvqjesqGH23oLOJv0q','USER'),('ecf7253c-af7e-4cd7-a7e1-7c9b0fb88428','user4','$2a$10$Yvdv1G3xkHLnFw7RyY4lKusGCp6AZFD53e2XgzEdv8zbdycg9JD1q','USER'),('f5923daa-f64d-490b-aaed-c249e153cb3e','user47','$2a$10$OMWm8yNlm1/MYNIg7r1n4eLR6VR0q7OVy8.nCES81PGdEuh.6KJJG','USER'),('fb743bf8-00d6-48a6-87a9-6d118d36fb07','user32','$2a$10$6s3rO08.8VR5PUyO2yr8l.z0FSr0IRvvFIR45/GUjXq.C6fYHTwFi','USER');
/*!40000 ALTER TABLE `user` ENABLE KEYS */;
UNLOCK TABLES;
/*!40103 SET TIME_ZONE=@OLD_TIME_ZONE */;

/*!40101 SET SQL_MODE=@OLD_SQL_MODE */;
/*!40014 SET FOREIGN_KEY_CHECKS=@OLD_FOREIGN_KEY_CHECKS */;
/*!40014 SET UNIQUE_CHECKS=@OLD_UNIQUE_CHECKS */;
/*!40101 SET CHARACTER_SET_CLIENT=@OLD_CHARACTER_SET_CLIENT */;
/*!40101 SET CHARACTER_SET_RESULTS=@OLD_CHARACTER_SET_RESULTS */;
/*!40101 SET COLLATION_CONNECTION=@OLD_COLLATION_CONNECTION */;
/*!40111 SET SQL_NOTES=@OLD_SQL_NOTES */;

-- Dump completed on 2023-08-18 12:54:56
